timestamp,motor_temperature,battery_voltage,motor_rpm,altitude,flight_mode
2026-09-23T10:00:00Z,43.65,12.572,5735,,AUTO
2026-09-23T10:00:01Z,43.16,12.601,5704,17.12,AUTO
2026-09-23T10:00:02Z,44.05,12.559,5738,17.14,AUTO
2026-09-23T10:00:03Z,43.23,12.588,5729,17.25,AUTO
2026-09-23T10:00:04Z,43.51,12.602,5745,18.15,AUTO
2026-09-23T10:00:05Z,43.87,12.628,5713,18.72,AUTO
2026-09-23T10:00:06Z,43.68,12.56,5710,17.62,AUTO
2026-09-23T10:00:07Z,44.74,12.56,5770,18.28,AUTO
2026-09-23T10:00:08Z,43.87,12.588,5714,17.12,AUTO
2026-09-23T10:00:09Z,43.56,12.596,5721,17.63,AUTO
2026-09-23T10:00:10Z,44.33,12.576,5742,18.59,AUTO
2026-09-23T10:00:11Z,44.57,12.558,5764,18.05,AUTO
2026-09-23T10:00:12Z,44.94,12.594,5762,18.96,AUTO
2026-09-23T10:00:13Z,43.44,12.567,5733,17.3,AUTO
2026-09-23T10:00:14Z,44.2,12.535,5755,18.53,AUTO
2026-09-23T10:00:15Z,44.39,12.6,5744,18.39,AUTO
2026-09-23T10:00:16Z,44.44,12.574,5753,18.68,AUTO
2026-09-23T10:00:17Z,45.16,12.564,5789,17.12,AUTO
2026-09-23T10:00:18Z,44.69,12.576,5789,18.64,AUTO
2026-09-23T10:00:19Z,43.87,12.553,5744,17.05,AUTO
2026-09-23T10:00:20Z,44.24,12.533,5729,17.12,AUTO
2026-09-23T10:00:21Z,44.87,12.528,5758,17.78,AUTO
2026-09-23T10:00:22Z,45.09,12.522,5776,18.1,AUTO
2026-09-23T10:00:23Z,45.13,12.58,5798,17.56,AUTO
2026-09-23T10:00:24Z,44.21,12.541,5767,18.92,AUTO
2026-09-23T10:00:25Z,43.7,12.524,5716,17.47,AUTO
2026-09-23T10:00:26Z,44.39,12.555,5742,17.01,AUTO
2026-09-23T10:00:27Z,44.27,12.536,5753,18.91,AUTO
2026-09-23T10:00:28Z,44.83,12.545,5775,18.35,AUTO
2026-09-23T10:00:29Z,43.57,12.574,5739,18.75,AUTO
2026-09-23T10:00:30Z,45.08,12.531,5773,17.21,AUTO
2026-09-23T10:00:31Z,44.76,12.503,5745,17.42,AUTO
2026-09-23T10:00:32Z,43.84,12.523,5712,17.0,AUTO
2026-09-23T10:00:33Z,43.83,12.502,5727,17.05,AUTO
2026-09-23T10:00:34Z,45.29,12.541,5768,17.5,AUTO
2026-09-23T10:00:35Z,44.25,12.519,5730,18.7,AUTO
2026-09-23T10:00:36Z,45.56,12.525,5794,17.17,AUTO
2026-09-23T10:00:37Z,43.8,12.513,5721,18.66,AUTO
2026-09-23T10:00:38Z,43.93,12.486,5760,18.06,AUTO
2026-09-23T10:00:39Z,43.92,12.525,5714,18.06,AUTO
2026-09-23T10:00:40Z,45.6,12.549,5806,17.52,AUTO
2026-09-23T10:00:41Z,44.39,12.491,5767,18.07,AUTO
2026-09-23T10:00:42Z,45.23,12.502,5769,18.62,AUTO
2026-09-23T10:00:43Z,45.66,12.542,5813,18.64,AUTO
2026-09-23T10:00:44Z,45.18,12.49,5782,17.71,AUTO
2026-09-23T10:00:45Z,43.78,12.472,5721,17.52,AUTO
2026-09-23T10:00:46Z,45.12,12.545,5777,18.87,AUTO
2026-09-23T10:00:47Z,45.73,12.542,5794,17.44,AUTO
2026-09-23T10:00:48Z,44.22,12.48,5733,18.25,AUTO
2026-09-23T10:00:49Z,45.58,12.529,5794,18.31,AUTO
2026-09-23T10:00:50Z,45.4,12.467,5797,18.82,AUTO
2026-09-23T10:00:51Z,45.38,12.518,5787,17.36,AUTO
2026-09-23T10:00:52Z,45.41,12.483,5804,18.94,AUTO
2026-09-23T10:00:53Z,44.64,12.486,5785,18.45,AUTO
2026-09-23T10:00:54Z,44.2,12.462,5730,18.81,AUTO
2026-09-23T10:00:55Z,45.49,12.462,5808,18.96,AUTO
2026-09-23T10:00:56Z,45.21,12.476,5785,17.26,AUTO
2026-09-23T10:00:57Z,43.94,12.524,5745,18.05,AUTO
2026-09-23T10:00:58Z,45.8,12.479,5822,18.65,AUTO
2026-09-23T10:00:59Z,44.37,12.462,5743,17.48,AUTO
2026-09-23T10:01:00Z,45.13,12.461,5776,17.26,AUTO
2026-09-23T10:01:01Z,45.8,12.466,5801,18.17,AUTO
2026-09-23T10:01:02Z,45.8,12.47,5824,18.0,AUTO
2026-09-23T10:01:03Z,45.07,12.476,5753,,AUTO
2026-09-23T10:01:04Z,44.9,12.447,5747,18.6,AUTO
2026-09-23T10:01:05Z,44.38,12.468,5765,18.11,AUTO
2026-09-23T10:01:06Z,44.71,12.469,5768,18.57,AUTO
2026-09-23T10:01:07Z,44.28,12.471,5737,17.55,AUTO
2026-09-23T10:01:08Z,45.63,12.465,5800,18.52,AUTO
2026-09-23T10:01:09Z,45.93,12.457,5813,18.01,AUTO
2026-09-23T10:01:10Z,45.14,12.475,5778,18.07,AUTO
2026-09-23T10:01:11Z,45.09,12.493,5788,18.75,AUTO
2026-09-23T10:01:12Z,46.04,12.437,5814,18.89,AUTO
2026-09-23T10:01:13Z,45.85,12.425,5786,17.88,AUTO
2026-09-23T10:01:14Z,44.33,12.431,5730,18.34,AUTO
2026-09-23T10:01:15Z,45.77,12.482,5785,18.43,AUTO
2026-09-23T10:01:16Z,45.54,12.419,5813,18.94,AUTO
2026-09-23T10:01:17Z,44.67,12.482,5758,17.97,AUTO
2026-09-23T10:01:18Z,46.23,12.471,5801,17.86,AUTO
2026-09-23T10:01:19Z,45.3,12.429,5770,17.64,AUTO
2026-09-23T10:01:20Z,45.72,12.402,5803,17.88,AUTO
2026-09-23T10:01:21Z,44.33,12.425,5758,18.02,AUTO
2026-09-23T10:01:22Z,44.44,12.475,5770,18.94,AUTO
2026-09-23T10:01:23Z,44.54,12.415,5736,18.56,AUTO
2026-09-23T10:01:24Z,44.88,12.402,5767,18.82,AUTO
2026-09-23T10:01:25Z,46.0,12.411,5792,18.84,AUTO
2026-09-23T10:01:26Z,45.52,12.444,5773,17.12,AUTO
2026-09-23T10:01:27Z,45.77,12.42,5781,18.88,AUTO
2026-09-23T10:01:28Z,45.68,12.448,5778,18.71,AUTO
2026-09-23T10:01:29Z,44.56,12.451,5757,17.68,AUTO
2026-09-23T10:01:30Z,45.55,12.454,5783,17.26,AUTO
2026-09-23T10:01:31Z,45.51,12.397,5773,17.32,AUTO
2026-09-23T10:01:32Z,44.57,12.392,5751,17.61,AUTO
2026-09-23T10:01:33Z,46.01,12.397,5810,17.36,AUTO
2026-09-23T10:01:34Z,45.2,12.373,5770,17.03,AUTO
2026-09-23T10:01:35Z,45.99,12.414,5794,17.95,AUTO
2026-09-23T10:01:36Z,46.41,12.377,5840,17.86,AUTO
2026-09-23T10:01:37Z,45.54,12.433,5789,18.01,AUTO
2026-09-23T10:01:38Z,45.94,12.443,5800,18.66,AUTO
2026-09-23T10:01:39Z,46.0,12.413,5805,17.7,AUTO
2026-09-23T10:01:40Z,44.71,12.37,5743,18.48,AUTO
2026-09-23T10:01:41Z,45.13,12.371,5759,18.68,AUTO
2026-09-23T10:01:42Z,46.37,12.41,5812,17.48,AUTO
2026-09-23T10:01:43Z,45.23,12.391,5766,17.89,AUTO
2026-09-23T10:01:44Z,45.19,12.429,5805,18.09,AUTO
2026-09-23T10:01:45Z,45.17,12.427,5771,17.71,AUTO
2026-09-23T10:01:46Z,44.7,12.379,5763,18.01,AUTO
2026-09-23T10:01:47Z,45.11,12.386,5754,17.53,AUTO
2026-09-23T10:01:48Z,44.91,12.376,5749,17.04,AUTO
2026-09-23T10:01:49Z,45.35,12.361,5792,18.06,AUTO
2026-09-23T10:01:50Z,46.26,12.393,5830,18.76,AUTO
2026-09-23T10:01:51Z,45.56,12.364,5819,17.3,AUTO
2026-09-23T10:01:52Z,46.24,12.387,5796,18.67,AUTO
2026-09-23T10:01:53Z,46.59,12.384,5842,18.62,AUTO
2026-09-23T10:01:54Z,45.1,12.374,5779,18.67,AUTO
2026-09-23T10:01:55Z,46.45,12.396,5830,18.79,AUTO
2026-09-23T10:01:56Z,46.22,12.383,5804,17.06,AUTO
2026-09-23T10:01:57Z,45.14,12.355,5760,18.67,AUTO
2026-09-23T10:01:58Z,46.01,12.374,5817,18.36,AUTO
2026-09-23T10:01:59Z,45.88,12.322,5821,18.5,AUTO
2026-09-23T10:02:00Z,45.93,12.363,5816,17.13,AUTO
2026-09-23T10:02:01Z,46.41,12.338,5803,17.53,AUTO
2026-09-23T10:02:02Z,46.41,12.332,5836,18.95,AUTO
2026-09-23T10:02:03Z,45.96,12.345,5808,18.37,AUTO
2026-09-23T10:02:04Z,46.52,12.361,5835,17.15,AUTO
2026-09-23T10:02:05Z,45.29,12.33,5797,17.61,AUTO
2026-09-23T10:02:06Z,46.15,12.309,5793,,AUTO
2026-09-23T10:02:07Z,45.57,12.36,5805,18.35,AUTO
2026-09-23T10:02:08Z,45.63,12.345,5795,17.93,AUTO
2026-09-23T10:02:09Z,45.3,12.373,5770,18.96,AUTO
2026-09-23T10:02:10Z,46.95,12.301,5841,18.64,AUTO
2026-09-23T10:02:11Z,47.03,12.334,5834,17.42,AUTO
2026-09-23T10:02:12Z,47.0,12.313,5849,17.28,AUTO
2026-09-23T10:02:13Z,46.18,12.37,5798,18.64,AUTO
2026-09-23T10:02:14Z,46.16,12.363,5826,17.46,AUTO
2026-09-23T10:02:15Z,46.96,12.329,5820,17.01,AUTO
2026-09-23T10:02:16Z,46.16,12.324,5806,17.28,AUTO
2026-09-23T10:02:17Z,45.88,12.311,5823,17.0,AUTO
2026-09-23T10:02:18Z,46.71,12.351,5816,18.85,AUTO
2026-09-23T10:02:19Z,46.65,12.354,5822,17.74,AUTO
2026-09-23T10:02:20Z,46.03,12.36,5816,17.72,AUTO
2026-09-23T10:02:21Z,46.11,12.3,5791,17.2,AUTO
2026-09-23T10:02:22Z,46.94,12.299,5865,17.5,AUTO
2026-09-23T10:02:23Z,45.82,12.315,5788,17.75,AUTO
2026-09-23T10:02:24Z,47.22,12.343,5868,18.26,AUTO
2026-09-23T10:02:25Z,47.15,12.345,5853,18.44,AUTO
2026-09-23T10:02:26Z,45.43,12.327,5788,18.51,AUTO
2026-09-23T10:02:27Z,46.64,12.289,5810,18.85,AUTO
2026-09-23T10:02:28Z,45.62,12.302,5789,17.6,AUTO
2026-09-23T10:02:29Z,46.86,12.34,5828,18.31,AUTO
2026-09-23T10:02:30Z,46.0,12.305,5805,17.33,AUTO
2026-09-23T10:02:31Z,45.74,12.275,5821,17.99,AUTO
2026-09-23T10:02:32Z,45.87,12.329,5830,17.9,AUTO
2026-09-23T10:02:33Z,45.73,12.269,5780,17.68,AUTO
2026-09-23T10:02:34Z,45.65,12.271,5786,18.14,AUTO
2026-09-23T10:02:35Z,47.25,12.31,5849,17.83,AUTO
2026-09-23T10:02:36Z,46.54,12.278,5821,17.12,AUTO
2026-09-23T10:02:37Z,46.07,12.323,5794,18.01,AUTO
2026-09-23T10:02:38Z,46.79,12.313,5823,17.54,AUTO
2026-09-23T10:02:39Z,46.04,12.274,5809,18.91,AUTO
2026-09-23T10:02:40Z,47.26,12.31,5830,17.06,AUTO
2026-09-23T10:02:41Z,47.0,12.31,5844,18.17,AUTO
2026-09-23T10:02:42Z,45.59,12.267,5817,18.65,AUTO
2026-09-23T10:02:43Z,47.32,12.312,5844,17.22,AUTO
2026-09-23T10:02:44Z,45.93,12.274,5817,18.88,AUTO
2026-09-23T10:02:45Z,47.08,12.282,5861,17.91,AUTO
2026-09-23T10:02:46Z,46.76,12.231,5851,17.47,AUTO
2026-09-23T10:02:47Z,47.51,12.278,5853,17.26,AUTO
2026-09-23T10:02:48Z,46.19,12.275,5827,17.22,AUTO
2026-09-23T10:02:49Z,45.84,12.264,5809,17.78,AUTO
2026-09-23T10:02:50Z,46.17,12.268,5791,17.6,AUTO
2026-09-23T10:02:51Z,46.66,12.295,5840,18.77,AUTO
2026-09-23T10:02:52Z,46.7,12.235,5822,18.92,AUTO
2026-09-23T10:02:53Z,47.18,12.239,5827,18.0,AUTO
2026-09-23T10:02:54Z,47.13,12.246,5837,18.33,AUTO
2026-09-23T10:02:55Z,47.65,12.228,5844,17.68,AUTO
2026-09-23T10:02:56Z,46.66,12.263,5818,18.59,AUTO
2026-09-23T10:02:57Z,47.31,12.246,5841,18.94,AUTO
2026-09-23T10:02:58Z,46.47,12.27,5813,17.44,AUTO
2026-09-23T10:02:59Z,47.38,12.226,5881,17.99,AUTO
2026-09-23T10:03:00Z,46.25,12.218,5815,18.33,AUTO
2026-09-23T10:03:01Z,47.79,12.21,5867,17.43,AUTO
2026-09-23T10:03:02Z,47.86,12.207,5853,17.12,AUTO
2026-09-23T10:03:03Z,46.71,12.266,5854,18.47,AUTO
2026-09-23T10:03:04Z,47.94,12.267,5869,17.37,AUTO
2026-09-23T10:03:05Z,47.83,12.25,5851,18.33,AUTO
2026-09-23T10:03:06Z,46.73,12.218,5827,17.34,AUTO
2026-09-23T10:03:07Z,46.0,12.208,5803,18.91,AUTO
2026-09-23T10:03:08Z,46.26,12.261,5804,17.71,AUTO
2026-09-23T10:03:09Z,47.67,12.248,5865,,AUTO
2026-09-23T10:03:10Z,46.14,12.218,5809,18.84,AUTO
2026-09-23T10:03:11Z,46.44,12.207,5845,17.06,AUTO
2026-09-23T10:03:12Z,46.89,12.241,5854,17.08,AUTO
2026-09-23T10:03:13Z,46.16,12.179,5837,17.51,AUTO
2026-09-23T10:03:14Z,47.6,12.244,5858,17.54,AUTO
2026-09-23T10:03:15Z,48.04,12.219,5870,18.43,AUTO
2026-09-23T10:03:16Z,46.77,12.19,5812,18.51,AUTO
2026-09-23T10:03:17Z,47.98,12.217,5901,17.05,AUTO
2026-09-23T10:03:18Z,46.64,12.202,5855,18.91,AUTO
2026-09-23T10:03:19Z,46.96,12.182,5840,17.99,AUTO
2026-09-23T10:03:20Z,48.06,12.175,5897,18.48,AUTO
2026-09-23T10:03:21Z,47.86,12.22,5880,17.66,AUTO
2026-09-23T10:03:22Z,46.87,12.185,5855,17.16,AUTO
2026-09-23T10:03:23Z,46.64,12.214,5820,17.13,AUTO
2026-09-23T10:03:24Z,46.33,12.196,5813,18.96,AUTO
2026-09-23T10:03:25Z,48.05,12.229,5870,17.17,AUTO
2026-09-23T10:03:26Z,46.49,12.188,5838,17.89,AUTO
2026-09-23T10:03:27Z,46.78,12.179,5843,18.35,AUTO
2026-09-23T10:03:28Z,47.82,12.212,5882,17.24,AUTO
2026-09-23T10:03:29Z,48.03,12.166,5884,17.75,AUTO
2026-09-23T10:03:30Z,47.84,12.156,5862,17.49,AUTO
2026-09-23T10:03:31Z,46.68,12.209,5838,17.65,AUTO
2026-09-23T10:03:32Z,47.18,12.215,5852,17.46,AUTO
2026-09-23T10:03:33Z,48.02,12.186,5905,17.2,AUTO
2026-09-23T10:03:34Z,47.37,12.198,5875,18.83,AUTO
2026-09-23T10:03:35Z,46.52,12.153,5809,17.38,AUTO
2026-09-23T10:03:36Z,48.4,12.175,5916,17.74,AUTO
2026-09-23T10:03:37Z,48.2,12.162,5875,18.56,AUTO
2026-09-23T10:03:38Z,48.38,12.132,5898,18.24,AUTO
2026-09-23T10:03:39Z,46.94,12.151,5825,17.41,AUTO
2026-09-23T10:03:40Z,47.03,12.168,5854,17.41,AUTO
2026-09-23T10:03:41Z,46.56,12.144,5839,17.37,AUTO
2026-09-23T10:03:42Z,47.18,12.132,5866,18.1,AUTO
2026-09-23T10:03:43Z,46.69,12.122,5829,18.1,AUTO
2026-09-23T10:03:44Z,47.86,12.119,5858,18.39,AUTO
2026-09-23T10:03:45Z,47.42,12.133,5850,18.91,AUTO
2026-09-23T10:03:46Z,47.24,12.153,5846,17.83,AUTO
2026-09-23T10:03:47Z,48.36,12.186,5886,17.39,AUTO
2026-09-23T10:03:48Z,48.1,12.12,5859,18.8,AUTO
2026-09-23T10:03:49Z,47.51,12.168,5858,18.77,AUTO
2026-09-23T10:03:50Z,47.6,12.113,5842,18.1,AUTO
2026-09-23T10:03:51Z,47.98,12.171,5859,18.24,AUTO
2026-09-23T10:03:52Z,47.45,12.136,5843,17.57,AUTO
2026-09-23T10:03:53Z,47.77,12.168,5852,17.98,AUTO
2026-09-23T10:03:54Z,48.35,12.169,5877,17.25,AUTO
2026-09-23T10:03:55Z,48.65,12.168,5902,17.11,AUTO
2026-09-23T10:03:56Z,48.63,12.119,5922,18.24,AUTO
2026-09-23T10:03:57Z,48.44,12.099,5910,17.44,AUTO
2026-09-23T10:03:58Z,47.62,12.152,5883,17.37,AUTO
2026-09-23T10:03:59Z,47.26,12.114,5855,17.77,AUTO
2026-09-23T10:04:00Z,47.09,12.1,5859,18.79,AUTO
2026-09-23T10:04:01Z,46.94,12.123,5856,17.08,AUTO
2026-09-23T10:04:02Z,48.55,12.085,5904,18.1,AUTO
2026-09-23T10:04:03Z,48.14,12.098,5881,18.17,AUTO
2026-09-23T10:04:04Z,47.76,12.125,5869,17.88,AUTO
2026-09-23T10:04:05Z,46.97,12.12,5843,17.47,AUTO
2026-09-23T10:04:06Z,48.46,12.13,5894,17.36,AUTO
2026-09-23T10:04:07Z,47.9,12.075,5858,17.86,AUTO
2026-09-23T10:04:08Z,47.15,12.099,5851,17.08,AUTO
2026-09-23T10:04:09Z,48.26,12.069,5901,18.56,AUTO
2026-09-23T10:04:10Z,48.02,12.064,5881,17.76,AUTO
2026-09-23T10:04:11Z,48.92,12.069,5930,18.99,AUTO
2026-09-23T10:04:12Z,48.5,12.121,5882,,AUTO
2026-09-23T10:04:13Z,49.01,12.093,5938,18.83,AUTO
2026-09-23T10:04:14Z,47.39,12.115,5880,17.13,AUTO
2026-09-23T10:04:15Z,47.78,12.11,5855,18.79,AUTO
2026-09-23T10:04:16Z,47.65,12.113,5850,18.0,AUTO
2026-09-23T10:04:17Z,48.95,12.063,5901,18.01,AUTO
2026-09-23T10:04:18Z,47.77,12.047,5856,17.32,AUTO
2026-09-23T10:04:19Z,49.02,12.096,5935,17.34,AUTO
2026-09-23T10:04:20Z,48.73,12.049,5907,18.27,AUTO
2026-09-23T10:04:21Z,47.9,12.108,5879,18.16,AUTO
2026-09-23T10:04:22Z,48.96,12.044,5938,18.26,AUTO
2026-09-23T10:04:23Z,48.0,12.098,5868,18.98,AUTO
2026-09-23T10:04:24Z,48.38,12.061,5907,17.88,AUTO
2026-09-23T10:04:25Z,47.59,12.089,5843,18.64,AUTO
2026-09-23T10:04:26Z,47.76,12.079,5896,18.17,AUTO
2026-09-23T10:04:27Z,48.6,12.051,5876,17.07,AUTO
2026-09-23T10:04:28Z,47.59,12.073,5862,18.03,AUTO
2026-09-23T10:04:29Z,49.1,12.033,5905,18.31,AUTO
2026-09-23T10:04:30Z,47.36,12.02,5850,17.21,AUTO
2026-09-23T10:04:31Z,48.05,12.036,5886,18.18,AUTO
2026-09-23T10:04:32Z,47.76,12.066,5870,17.27,AUTO
2026-09-23T10:04:33Z,49.24,12.033,5906,17.19,AUTO
2026-09-23T10:04:34Z,48.66,12.082,5917,17.8,AUTO
2026-09-23T10:04:35Z,47.93,12.011,5885,18.12,AUTO
2026-09-23T10:04:36Z,48.12,12.06,5881,18.87,AUTO
2026-09-23T10:04:37Z,48.9,12.026,5932,17.09,AUTO
2026-09-23T10:04:38Z,48.51,12.036,5885,17.12,AUTO
2026-09-23T10:04:39Z,49.02,12.003,5918,18.88,AUTO
2026-09-23T10:04:40Z,47.76,12.016,5877,18.01,AUTO
2026-09-23T10:04:41Z,48.78,12.063,5891,17.62,AUTO
2026-09-23T10:04:42Z,48.11,12.0,5903,18.57,AUTO
2026-09-23T10:04:43Z,48.96,11.995,5931,18.49,AUTO
2026-09-23T10:04:44Z,48.47,12.051,5894,17.45,AUTO
2026-09-23T10:04:45Z,47.77,12.009,5849,17.67,AUTO
2026-09-23T10:04:46Z,49.08,12.044,5935,18.42,AUTO
2026-09-23T10:04:47Z,48.12,12.03,5881,18.58,AUTO
2026-09-23T10:04:48Z,48.65,12.005,5910,18.93,AUTO
2026-09-23T10:04:49Z,48.06,12.052,5858,17.52,AUTO
2026-09-23T10:04:50Z,48.11,12.04,5906,18.49,AUTO
2026-09-23T10:04:51Z,48.31,12.048,5882,17.48,AUTO
2026-09-23T10:04:52Z,49.49,12.026,5942,18.33,AUTO
2026-09-23T10:04:53Z,49.65,12.012,5955,18.4,AUTO
2026-09-23T10:04:54Z,49.42,12.007,5941,18.14,AUTO
2026-09-23T10:04:55Z,48.34,11.987,5898,17.16,AUTO
2026-09-23T10:04:56Z,49.56,11.98,5911,17.21,AUTO
2026-09-23T10:04:57Z,49.61,11.994,5918,17.06,AUTO
2026-09-23T10:04:58Z,47.85,12.019,5881,18.39,AUTO
2026-09-23T10:04:59Z,49.26,11.967,5929,17.73,AUTO
2026-09-23T10:05:00Z,49.44,12.026,5950,17.13,AUTO
2026-09-23T10:05:01Z,49.55,12.031,5956,17.21,AUTO
2026-09-23T10:05:02Z,48.24,11.965,5865,18.7,AUTO
2026-09-23T10:05:03Z,49.47,12.005,5948,18.26,AUTO
2026-09-23T10:05:04Z,48.44,11.96,5875,18.51,AUTO
2026-09-23T10:05:05Z,48.29,11.976,5886,17.04,AUTO
2026-09-23T10:05:06Z,48.41,11.971,5905,17.74,AUTO
2026-09-23T10:05:07Z,48.55,12.023,5899,18.7,AUTO
2026-09-23T10:05:08Z,49.16,11.946,5916,17.87,AUTO
2026-09-23T10:05:09Z,49.49,11.97,5942,18.08,AUTO
2026-09-23T10:05:10Z,48.39,12.009,5873,18.64,AUTO
2026-09-23T10:05:11Z,48.32,11.938,5876,18.52,AUTO
2026-09-23T10:05:12Z,49.95,11.936,5948,17.98,AUTO
2026-09-23T10:05:13Z,49.6,11.949,5936,17.69,AUTO
2026-09-23T10:05:14Z,49.69,11.953,5961,17.57,AUTO
2026-09-23T10:05:15Z,48.47,11.986,5896,,AUTO
2026-09-23T10:05:16Z,48.28,11.979,5869,18.58,AUTO
2026-09-23T10:05:17Z,49.47,11.989,5938,17.71,AUTO
2026-09-23T10:05:18Z,48.89,11.956,5931,17.17,AUTO
2026-09-23T10:05:19Z,49.88,11.924,5931,17.53,AUTO
2026-09-23T10:05:20Z,49.92,11.96,5941,18.77,AUTO
2026-09-23T10:05:21Z,48.6,11.955,5903,18.51,AUTO
2026-09-23T10:05:22Z,49.66,11.968,5931,17.65,AUTO
2026-09-23T10:05:23Z,48.48,11.981,5905,18.48,AUTO
2026-09-23T10:05:24Z,48.52,11.947,5912,18.16,AUTO
2026-09-23T10:05:25Z,48.45,11.947,5915,17.48,AUTO
2026-09-23T10:05:26Z,48.6,11.932,5911,18.69,AUTO
2026-09-23T10:05:27Z,48.54,11.918,5886,17.65,AUTO
2026-09-23T10:05:28Z,49.29,11.917,5917,17.38,AUTO
2026-09-23T10:05:29Z,50.21,11.96,5937,18.92,AUTO
2026-09-23T10:05:30Z,48.48,11.931,5921,18.59,AUTO
2026-09-23T10:05:31Z,49.76,11.933,5926,18.28,AUTO
2026-09-23T10:05:32Z,48.53,11.913,5893,17.07,AUTO
2026-09-23T10:05:33Z,49.13,11.957,5929,18.0,AUTO
2026-09-23T10:05:34Z,49.61,11.929,5918,18.21,AUTO
2026-09-23T10:05:35Z,49.17,11.949,5941,17.86,AUTO
2026-09-23T10:05:36Z,49.52,11.948,5929,17.46,AUTO
2026-09-23T10:05:37Z,49.84,11.956,5958,18.4,AUTO
2026-09-23T10:05:38Z,50.11,11.938,5961,17.91,AUTO
2026-09-23T10:05:39Z,49.05,11.932,5897,17.84,AUTO
2026-09-23T10:05:40Z,50.0,11.937,5956,17.5,AUTO
2026-09-23T10:05:41Z,49.3,11.914,5932,17.82,AUTO
2026-09-23T10:05:42Z,49.82,11.95,5928,18.31,AUTO
2026-09-23T10:05:43Z,50.04,11.905,5951,18.95,AUTO
2026-09-23T10:05:44Z,48.58,11.915,5883,18.56,AUTO
2026-09-23T10:05:45Z,50.4,11.912,5944,18.15,AUTO
2026-09-23T10:05:46Z,49.62,11.925,5937,18.28,AUTO
2026-09-23T10:05:47Z,50.21,11.908,5953,18.9,AUTO
2026-09-23T10:05:48Z,48.99,11.919,5909,18.53,AUTO
2026-09-23T10:05:49Z,48.83,11.941,5902,17.11,AUTO
2026-09-23T10:05:50Z,49.15,11.892,5896,17.84,AUTO
2026-09-23T10:05:51Z,49.46,11.914,5924,17.53,AUTO
2026-09-23T10:05:52Z,49.08,11.915,5940,18.05,AUTO
2026-09-23T10:05:53Z,49.09,11.918,5913,17.42,AUTO
2026-09-23T10:05:54Z,48.92,11.914,5928,18.27,AUTO
2026-09-23T10:05:55Z,49.62,11.895,5923,18.93,AUTO
2026-09-23T10:05:56Z,49.4,11.899,5945,18.63,AUTO
2026-09-23T10:05:57Z,49.65,11.87,5940,17.25,AUTO
2026-09-23T10:05:58Z,50.4,11.872,5982,17.53,AUTO
2026-09-23T10:05:59Z,49.5,11.862,5929,17.37,AUTO
2026-09-23T10:06:00Z,48.77,11.898,5896,17.49,AUTO
2026-09-23T10:06:01Z,49.38,11.876,5925,18.27,AUTO
2026-09-23T10:06:02Z,50.11,11.865,5975,18.71,AUTO
2026-09-23T10:06:03Z,48.92,11.9,5932,18.57,AUTO
2026-09-23T10:06:04Z,49.1,11.899,5925,17.03,AUTO
2026-09-23T10:06:05Z,48.86,11.906,5918,17.5,AUTO
2026-09-23T10:06:06Z,49.06,11.839,5904,18.55,AUTO
2026-09-23T10:06:07Z,49.56,11.838,5955,18.58,AUTO
2026-09-23T10:06:08Z,49.22,11.895,5928,18.56,AUTO
2026-09-23T10:06:09Z,50.24,11.894,5973,18.68,AUTO
2026-09-23T10:06:10Z,49.31,11.875,5927,18.48,AUTO
2026-09-23T10:06:11Z,49.81,11.889,5946,17.53,AUTO
2026-09-23T10:06:12Z,49.42,11.827,5929,17.12,AUTO
2026-09-23T10:06:13Z,49.9,11.826,5946,18.0,AUTO
2026-09-23T10:06:14Z,50.06,11.881,5927,18.68,AUTO
2026-09-23T10:06:15Z,49.94,11.855,5956,18.68,AUTO
2026-09-23T10:06:16Z,49.77,11.842,5965,17.15,AUTO
2026-09-23T10:06:17Z,50.31,11.857,5937,18.22,AUTO
2026-09-23T10:06:18Z,50.41,11.879,5956,,AUTO
2026-09-23T10:06:19Z,51.03,11.843,5985,18.8,AUTO
2026-09-23T10:06:20Z,49.15,11.857,5927,17.68,AUTO
2026-09-23T10:06:21Z,50.82,11.827,5977,18.05,AUTO
2026-09-23T10:06:22Z,50.65,11.813,5970,17.84,AUTO
2026-09-23T10:06:23Z,50.24,11.86,5948,18.66,AUTO
2026-09-23T10:06:24Z,49.95,11.832,5937,18.01,AUTO
2026-09-23T10:06:25Z,51.11,11.842,6003,17.66,AUTO
2026-09-23T10:06:26Z,49.81,11.812,5948,18.27,AUTO
2026-09-23T10:06:27Z,50.76,11.789,5988,18.77,AUTO
2026-09-23T10:06:28Z,50.3,11.788,5951,17.01,AUTO
2026-09-23T10:06:29Z,49.6,11.856,5941,18.32,AUTO
2026-09-23T10:06:30Z,50.82,11.853,5984,18.23,AUTO
2026-09-23T10:06:31Z,50.51,11.834,5973,18.36,AUTO
2026-09-23T10:06:32Z,49.7,11.829,5937,18.53,AUTO
2026-09-23T10:06:33Z,49.49,11.789,5909,18.55,AUTO
2026-09-23T10:06:34Z,51.13,11.824,5983,18.65,AUTO
2026-09-23T10:06:35Z,50.89,11.815,5969,17.6,AUTO
2026-09-23T10:06:36Z,50.18,11.793,5953,18.28,AUTO
2026-09-23T10:06:37Z,51.22,11.77,5996,17.08,AUTO
2026-09-23T10:06:38Z,49.61,11.829,5940,18.84,AUTO
2026-09-23T10:06:39Z,50.28,11.763,5954,18.18,AUTO
2026-09-23T10:06:40Z,51.28,11.838,5994,17.82,AUTO
2026-09-23T10:06:41Z,49.62,11.81,5922,17.3,AUTO
2026-09-23T10:06:42Z,49.46,11.756,5940,17.24,AUTO
2026-09-23T10:06:43Z,51.38,11.761,6017,17.26,AUTO
2026-09-23T10:06:44Z,49.5,11.81,5920,18.47,AUTO
2026-09-23T10:06:45Z,49.85,11.754,5958,18.43,AUTO
2026-09-23T10:06:46Z,51.21,11.806,5972,18.26,AUTO
2026-09-23T10:06:47Z,50.93,11.783,6004,17.51,AUTO
2026-09-23T10:06:48Z,51.46,11.801,5977,17.03,AUTO
2026-09-23T10:06:49Z,50.85,11.807,5959,17.62,AUTO
2026-09-23T10:06:50Z,51.02,11.753,6004,17.97,AUTO
2026-09-23T10:06:51Z,49.7,11.767,5943,17.88,AUTO
2026-09-23T10:06:52Z,50.95,11.748,5998,17.73,AUTO
2026-09-23T10:06:53Z,50.9,11.784,5977,17.77,AUTO
2026-09-23T10:06:54Z,51.2,11.808,6006,18.13,AUTO
2026-09-23T10:06:55Z,50.22,11.735,5981,18.41,AUTO
2026-09-23T10:06:56Z,51.31,11.755,6001,18.95,AUTO
2026-09-23T10:06:57Z,51.33,11.774,5987,17.86,AUTO
2026-09-23T10:06:58Z,51.46,11.754,6010,18.2,AUTO
2026-09-23T10:06:59Z,51.5,11.787,5992,17.0,AUTO
2026-09-23T10:07:00Z,50.25,11.754,5963,18.63,AUTO
2026-09-23T10:07:01Z,51.51,11.721,6020,18.62,AUTO
2026-09-23T10:07:02Z,51.49,11.762,5991,18.7,AUTO
2026-09-23T10:07:03Z,51.38,11.769,6019,17.69,AUTO
2026-09-23T10:07:04Z,49.95,11.756,5963,17.4,AUTO
2026-09-23T10:07:05Z,51.3,11.785,5982,18.21,AUTO
2026-09-23T10:07:06Z,51.17,11.745,5976,17.51,AUTO
2026-09-23T10:07:07Z,51.33,11.769,5995,17.18,AUTO
2026-09-23T10:07:08Z,51.46,11.766,5988,18.16,AUTO
2026-09-23T10:07:09Z,51.66,11.773,6009,17.95,AUTO
2026-09-23T10:07:10Z,51.06,11.715,5972,17.36,AUTO
2026-09-23T10:07:11Z,51.3,11.727,5999,17.8,AUTO
2026-09-23T10:07:12Z,50.95,11.708,5960,18.99,AUTO
2026-09-23T10:07:13Z,50.68,11.702,5980,18.57,AUTO
2026-09-23T10:07:14Z,50.26,11.74,5951,18.04,AUTO
2026-09-23T10:07:15Z,50.0,11.693,5975,18.73,AUTO
2026-09-23T10:07:16Z,50.95,11.733,5971,18.56,AUTO
2026-09-23T10:07:17Z,50.84,11.762,5993,18.64,AUTO
2026-09-23T10:07:18Z,51.93,11.704,5994,17.4,AUTO
2026-09-23T10:07:19Z,50.39,11.689,5941,18.11,AUTO
2026-09-23T10:07:20Z,89.78,11.717,7365,18.82,AUTO
2026-09-23T10:07:21Z,88.18,11.726,7281,,AUTO
2026-09-23T10:07:22Z,88.31,11.753,7279,18.13,AUTO
2026-09-23T10:07:23Z,89.37,11.751,7336,17.79,AUTO
2026-09-23T10:07:24Z,89.0,11.685,7338,18.98,AUTO
2026-09-23T10:07:25Z,88.56,8.4,7287,17.7,AUTO
2026-09-23T10:07:26Z,89.94,8.4,7365,17.09,AUTO
2026-09-23T10:07:27Z,89.72,11.723,7348,18.97,AUTO
2026-09-23T10:07:28Z,88.28,11.676,7303,18.88,AUTO
2026-09-23T10:07:29Z,51.54,11.686,6008,18.52,AUTO
2026-09-23T10:07:30Z,50.41,11.686,5952,17.25,AUTO
2026-09-23T10:07:31Z,51.18,11.671,5978,17.29,AUTO
2026-09-23T10:07:32Z,51.59,11.657,6017,17.39,AUTO
2026-09-23T10:07:33Z,50.32,11.728,5947,18.87,AUTO
2026-09-23T10:07:34Z,52.0,11.723,6002,17.89,AUTO
2026-09-23T10:07:35Z,50.47,11.724,5984,18.26,AUTO
2026-09-23T10:07:36Z,51.2,11.675,6008,17.96,AUTO
2026-09-23T10:07:37Z,51.57,11.657,5991,17.11,AUTO
2026-09-23T10:07:38Z,51.76,11.688,5994,18.74,AUTO
2026-09-23T10:07:39Z,50.88,11.675,5964,17.54,AUTO
2026-09-23T10:07:40Z,52.04,11.667,6005,17.98,AUTO
2026-09-23T10:07:41Z,51.01,11.71,5966,18.96,AUTO
2026-09-23T10:07:42Z,50.51,11.708,5976,17.42,AUTO
2026-09-23T10:07:43Z,51.36,11.657,5985,17.4,AUTO
2026-09-23T10:07:44Z,51.15,11.711,6015,18.85,AUTO
2026-09-23T10:07:45Z,50.64,11.653,5992,17.11,AUTO
2026-09-23T10:07:46Z,51.91,11.651,6041,17.03,AUTO
2026-09-23T10:07:47Z,52.09,11.653,6005,17.0,AUTO
2026-09-23T10:07:48Z,52.15,11.666,6010,17.87,AUTO
2026-09-23T10:07:49Z,52.33,11.639,6035,17.28,AUTO
2026-09-23T10:07:50Z,50.88,11.682,5991,17.39,AUTO
2026-09-23T10:07:51Z,50.69,11.625,5980,17.99,AUTO
2026-09-23T10:07:52Z,51.1,11.632,5994,18.42,AUTO
2026-09-23T10:07:53Z,52.19,11.661,6012,17.13,AUTO
2026-09-23T10:07:54Z,52.05,11.645,6033,17.11,AUTO
2026-09-23T10:07:55Z,52.22,11.637,6045,18.73,AUTO
2026-09-23T10:07:56Z,51.6,11.609,6027,17.95,AUTO
2026-09-23T10:07:57Z,52.38,11.627,6018,18.66,AUTO
2026-09-23T10:07:58Z,51.38,11.617,5992,18.19,AUTO
2026-09-23T10:07:59Z,50.67,11.644,5971,18.03,AUTO
2026-09-23T10:08:00Z,50.92,11.657,5998,18.73,AUTO
2026-09-23T10:08:01Z,51.34,11.655,5991,18.5,AUTO
2026-09-23T10:08:02Z,50.83,11.666,6002,17.99,AUTO
2026-09-23T10:08:03Z,51.75,11.636,6013,17.04,AUTO
2026-09-23T10:08:04Z,52.68,11.61,6028,17.21,AUTO
2026-09-23T10:08:05Z,51.26,11.655,5971,17.19,AUTO
2026-09-23T10:08:06Z,52.17,11.604,6002,18.2,AUTO
2026-09-23T10:08:07Z,51.94,11.628,6028,17.21,AUTO
2026-09-23T10:08:08Z,52.55,11.641,6017,17.25,AUTO
2026-09-23T10:08:09Z,51.81,11.622,6002,17.24,AUTO
2026-09-23T10:08:10Z,51.65,11.591,6012,18.72,AUTO
2026-09-23T10:08:11Z,51.15,11.624,6003,17.33,AUTO
2026-09-23T10:08:12Z,52.52,11.651,6033,17.84,AUTO
2026-09-23T10:08:13Z,52.57,11.616,6035,18.88,AUTO
2026-09-23T10:08:14Z,52.46,11.599,6023,17.67,AUTO
2026-09-23T10:08:15Z,51.79,11.648,6028,18.83,AUTO
2026-09-23T10:08:16Z,52.57,11.636,6018,18.03,AUTO
2026-09-23T10:08:17Z,52.87,11.641,6038,17.84,AUTO
2026-09-23T10:08:18Z,52.23,11.593,6030,17.14,AUTO
2026-09-23T10:08:19Z,51.85,11.602,5991,17.28,AUTO
2026-09-23T10:08:20Z,52.94,11.622,6075,18.27,AUTO
2026-09-23T10:08:21Z,52.63,11.629,6061,17.07,AUTO
2026-09-23T10:08:22Z,52.32,11.577,6040,17.55,AUTO
2026-09-23T10:08:23Z,52.13,11.628,6031,17.5,AUTO
2026-09-23T10:08:24Z,52.1,11.587,6046,,AUTO
2026-09-23T10:08:25Z,51.66,11.574,6015,17.24,AUTO
2026-09-23T10:08:26Z,52.28,11.624,6030,17.54,AUTO
2026-09-23T10:08:27Z,52.04,11.589,6004,17.25,AUTO
2026-09-23T10:08:28Z,51.39,11.567,5994,17.58,AUTO
2026-09-23T10:08:29Z,51.63,11.549,6009,18.68,AUTO
2026-09-23T10:08:30Z,52.38,11.586,6041,17.4,AUTO
2026-09-23T10:08:31Z,52.6,11.575,6043,18.23,AUTO
2026-09-23T10:08:32Z,52.13,11.561,6012,17.44,AUTO
2026-09-23T10:08:33Z,52.23,11.565,6032,17.02,AUTO
2026-09-23T10:08:34Z,51.93,11.601,6004,18.11,AUTO
2026-09-23T10:08:35Z,52.22,11.553,6052,17.59,AUTO
2026-09-23T10:08:36Z,52.8,11.541,6026,18.74,AUTO
2026-09-23T10:08:37Z,52.15,11.531,6020,17.88,AUTO
2026-09-23T10:08:38Z,52.76,11.533,6033,18.92,AUTO
2026-09-23T10:08:39Z,52.78,11.534,6039,17.7,AUTO
2026-09-23T10:08:40Z,52.67,11.569,6061,18.64,AUTO
2026-09-23T10:08:41Z,52.37,11.577,6045,18.52,AUTO
2026-09-23T10:08:42Z,52.3,11.579,6041,18.83,AUTO
2026-09-23T10:08:43Z,51.62,11.584,5982,18.53,AUTO
2026-09-23T10:08:44Z,52.56,11.552,6063,18.14,AUTO
2026-09-23T10:08:45Z,52.24,11.573,6047,18.21,AUTO
2026-09-23T10:08:46Z,52.18,11.544,6024,18.45,AUTO
2026-09-23T10:08:47Z,52.02,11.537,6023,17.77,AUTO
2026-09-23T10:08:48Z,52.09,11.567,6041,18.0,AUTO
2026-09-23T10:08:49Z,52.35,11.517,6022,17.29,AUTO
2026-09-23T10:08:50Z,52.63,11.547,6021,18.84,AUTO
2026-09-23T10:08:51Z,52.14,11.565,6042,18.92,AUTO
2026-09-23T10:08:52Z,51.92,11.53,6038,17.02,AUTO
2026-09-23T10:08:53Z,51.62,11.539,6007,18.84,AUTO
2026-09-23T10:08:54Z,53.09,11.535,6083,18.03,AUTO
2026-09-23T10:08:55Z,52.59,11.545,6035,17.72,AUTO
2026-09-23T10:08:56Z,52.77,11.516,6069,18.35,AUTO
2026-09-23T10:08:57Z,52.64,11.494,6036,17.8,AUTO
2026-09-23T10:08:58Z,52.73,11.53,6065,18.93,AUTO
2026-09-23T10:08:59Z,52.6,11.517,6047,18.99,AUTO
2026-09-23T10:09:00Z,52.33,11.522,6047,17.34,AUTO
2026-09-23T10:09:01Z,52.29,11.556,6046,18.03,AUTO
2026-09-23T10:09:02Z,51.89,11.548,6026,18.64,AUTO
2026-09-23T10:09:03Z,53.67,11.545,6074,17.31,AUTO
2026-09-23T10:09:04Z,52.28,11.513,6030,17.38,AUTO
2026-09-23T10:09:05Z,52.08,11.52,6028,17.71,AUTO
2026-09-23T10:09:06Z,53.72,11.519,6057,17.82,AUTO
2026-09-23T10:09:07Z,53.33,11.491,6076,17.01,AUTO
2026-09-23T10:09:08Z,52.38,11.531,6038,18.34,AUTO
2026-09-23T10:09:09Z,52.18,11.502,6029,17.53,AUTO
2026-09-23T10:09:10Z,53.09,11.503,6083,18.15,AUTO
2026-09-23T10:09:11Z,52.64,11.468,6025,18.52,AUTO
2026-09-23T10:09:12Z,52.05,11.464,6005,18.04,AUTO
2026-09-23T10:09:13Z,53.49,11.503,6087,17.12,AUTO
2026-09-23T10:09:14Z,51.89,11.514,6007,18.43,AUTO
2026-09-23T10:09:15Z,52.59,11.464,6029,17.2,AUTO
2026-09-23T10:09:16Z,53.7,11.495,6072,17.9,AUTO
2026-09-23T10:09:17Z,52.68,11.45,6063,18.17,AUTO
2026-09-23T10:09:18Z,53.85,11.479,6091,17.5,AUTO
2026-09-23T10:09:19Z,52.03,11.516,6039,17.63,AUTO
2026-09-23T10:09:20Z,53.76,11.505,6072,18.21,AUTO
2026-09-23T10:09:21Z,53.9,11.478,6109,17.49,AUTO
2026-09-23T10:09:22Z,52.77,11.493,6033,17.62,AUTO
2026-09-23T10:09:23Z,53.76,11.473,6096,17.49,AUTO
2026-09-23T10:09:24Z,52.37,11.461,6017,18.94,AUTO
2026-09-23T10:09:25Z,52.62,11.475,6022,18.07,AUTO
2026-09-23T10:09:26Z,52.83,11.46,6027,17.25,AUTO
2026-09-23T10:09:27Z,53.72,11.454,6067,,AUTO
2026-09-23T10:09:28Z,52.47,11.447,6023,17.07,AUTO
2026-09-23T10:09:29Z,53.43,11.449,6053,18.41,AUTO
2026-09-23T10:09:30Z,52.31,11.442,6048,17.26,AUTO
2026-09-23T10:09:31Z,53.02,11.485,6071,17.32,AUTO
2026-09-23T10:09:32Z,52.86,11.474,6044,18.92,AUTO
2026-09-23T10:09:33Z,52.58,11.49,6041,17.45,AUTO
2026-09-23T10:09:34Z,53.09,11.422,6068,17.52,AUTO
2026-09-23T10:09:35Z,54.0,11.457,6083,17.49,AUTO
2026-09-23T10:09:36Z,53.43,11.425,6089,17.25,AUTO
2026-09-23T10:09:37Z,53.26,11.449,6053,18.54,AUTO
2026-09-23T10:09:38Z,53.02,11.457,6059,17.62,AUTO
2026-09-23T10:09:39Z,53.04,11.409,6040,18.7,AUTO
2026-09-23T10:09:40Z,52.92,11.453,6033,18.12,AUTO
2026-09-23T10:09:41Z,53.02,11.438,6046,17.13,AUTO
2026-09-23T10:09:42Z,52.93,11.414,6034,18.43,AUTO
2026-09-23T10:09:43Z,52.89,11.426,6072,18.55,AUTO
2026-09-23T10:09:44Z,54.11,11.461,6075,17.55,AUTO
2026-09-23T10:09:45Z,52.42,11.444,6043,17.7,AUTO
2026-09-23T10:09:46Z,53.2,11.441,6072,17.5,AUTO
2026-09-23T10:09:47Z,54.09,11.414,6100,17.36,AUTO
2026-09-23T10:09:48Z,52.64,11.457,6054,18.43,AUTO
2026-09-23T10:09:49Z,52.5,11.385,6021,17.4,AUTO
2026-09-23T10:09:50Z,53.05,11.41,6034,17.62,AUTO
2026-09-23T10:09:51Z,53.73,11.392,6098,18.14,AUTO
2026-09-23T10:09:52Z,53.91,11.396,6084,18.37,AUTO
2026-09-23T10:09:53Z,53.19,11.374,6078,18.55,AUTO
2026-09-23T10:09:54Z,53.08,11.375,6076,18.21,AUTO
2026-09-23T10:09:55Z,52.61,11.39,6022,18.58,AUTO
2026-09-23T10:09:56Z,52.96,11.441,6066,17.17,AUTO
2026-09-23T10:09:57Z,53.94,11.397,6100,18.66,AUTO
2026-09-23T10:09:58Z,53.13,11.371,6082,17.85,AUTO
2026-09-23T10:09:59Z,54.44,11.417,6117,18.66,AUTO
